<ul><li><i>SUNY University Centers</i>
<ul><li><a href="/wiki/University_at_Buffalo" title="University at Buffalo">University at Buffalo</a></li>
<li><a href="/wiki/Binghamton_University" title="Binghamton University">Binghamton University</a></li>
<li><a href="/wiki/State_University_of_New_York_at_Stony_Brook" class="mw-redirect" title="State University of New York at Stony Brook">Stony Brook University</a></li>
<li><a href="/wiki/University_at_Albany,_State_University_of_New_York" class="mw-redirect" title="University at Albany, State University of New York">University at Albany, State University of New York</a></li></ul></li>
<li><i>SUNY Technology Colleges</i>
<ul><li><a href="/wiki/Alfred_State_College" title="Alfred State College">Alfred State College</a></li>
<li><a href="/wiki/State_University_of_New_York_at_Canton" title="State University of New York at Canton">State University of New York at Canton</a></li>
<li><a href="/wiki/State_University_of_New_York_at_Cobleskill" title="State University of New York at Cobleskill">State University of New York at Cobleskill</a></li>
<li><a href="/wiki/State_University_of_New_York_at_Delhi" title="State University of New York at Delhi">State University of New York at Delhi</a></li>
<li><a href="/wiki/State_University_of_New_York_at_Farmingdale" class="mw-redirect" title="State University of New York at Farmingdale">State University of New York at Farmingdale</a></li>
<li><a href="/wiki/State_University_of_New_York_at_Morrisville" class="mw-redirect" title="State University of New York at Morrisville">State University of New York at Morrisville</a></li>
<li><a href="/wiki/State_University_of_New_York_Polytechnic_Institute" class="mw-redirect" title="State University of New York Polytechnic Institute">State University of New York Polytechnic Institute</a>, <a href="/wiki/Marcy,_New_York" title="Marcy, New York">Marcy</a></li>
<li><a href="/wiki/State_University_of_New_York_Maritime_College" title="State University of New York Maritime College">State University of New York Maritime College</a></li></ul></li>
<li><i>SUNY Comprehensive Colleges</i></li></ul>
<dl><dd><ul><li><a href="/wiki/Buffalo_State_College" title="Buffalo State College">Buffalo State College</a></li>
<li><a href="/wiki/Empire_State_College" title="Empire State College">Empire State College</a>, <a href="/wiki/Saratoga_Springs,_New_York" title="Saratoga Springs, New York">Saratoga Springs</a></li>
<li><a href="/wiki/State_University_of_New_York_at_Brockport" class="mw-redirect" title="State University of New York at Brockport">State University of New York at Brockport</a></li>
<li><a href="/wiki/State_University_of_New_York_at_Cortland" class="mw-redirect" title="State University of New York at Cortland">State University of New York at Cortland</a></li>
<li><a href="/wiki/State_University_of_New_York_at_Fredonia" title="State University of New York at Fredonia">State University of New York at Fredonia</a></li>
<li><a href="/wiki/State_University_of_New_York_at_Geneseo" title="State University of New York at Geneseo">State University of New York at Geneseo</a></li>
<li><a href="/wiki/State_University_of_New_York_at_New_Paltz" title="State University of New York at New Paltz">State University of New York at New Paltz</a></li>
<li><a href="/wiki/State_University_of_New_York_at_Old_Westbury" title="State University of New York at Old Westbury">State University of New York at Old Westbury</a></li>
<li><a href="/wiki/State_University_of_New_York_at_Oneonta" title="State University of New York at Oneonta">State University of New York at Oneonta</a></li>
<li><a href="/wiki/State_University_of_New_York_at_Oswego" title="State University of New York at Oswego">State University of New York at Oswego</a></li>
<li><a href="/wiki/State_University_of_New_York_at_Plattsburgh" title="State University of New York at Plattsburgh">State University of New York at Plattsburgh</a></li>
<li><a href="/wiki/State_University_of_New_York_at_Potsdam" title="State University of New York at Potsdam">State University of New York at Potsdam</a></li></ul>
<ol><li><a href="/wiki/Crane_School_of_Music" title="Crane School of Music">Crane School of Music</a></li></ol>
<ul><li><a href="/wiki/State_University_of_New_York_at_Purchase" title="State University of New York at Purchase">State University of New York at Purchase</a></li></ul></dd></dl>
<ul><li><i>SUNY Specialized Doctoral Granting Units</i></li></ul>
<dl><dd><ul><li><a href="/wiki/SUNY_Downstate_Medical_Center" title="SUNY Downstate Medical Center">State University of New York Downstate Medical Center</a></li>
<li><a href="/wiki/State_University_of_New_York_Upstate_Medical_University" title="State University of New York Upstate Medical University">State University of New York Upstate Medical University</a></li>
<li><a href="/wiki/State_University_of_New_York_College_of_Environmental_Science_and_Forestry" title="State University of New York College of Environmental Science and Forestry">State University of New York College of Environmental Science and Forestry</a></li>
<li><a href="/wiki/State_University_of_New_York_State_College_of_Optometry" class="mw-redirect" title="State University of New York State College of Optometry">State University of New York State College of Optometry</a></li></ul></dd></dl>
<ul><li><i>SUNY <a href="/wiki/Community_Colleges" class="mw-redirect" title="Community Colleges">Community Colleges</a></i></li></ul>
<dl><dd><ul><li><a href="/wiki/Adirondack_Community_College" class="mw-redirect" title="Adirondack Community College">Adirondack Community College</a></li>
<li><a href="/wiki/Broome_Community_College" class="mw-redirect" title="Broome Community College">Broome Community College</a></li>
<li><a href="/wiki/Cayuga_County_Community_College" class="mw-redirect" title="Cayuga County Community College">Cayuga County Community College</a></li>
<li><a href="/wiki/Clinton_Community_College,_New_York" class="mw-redirect" title="Clinton Community College, New York">Clinton Community College</a></li>
<li><a href="/wiki/Columbia-Greene_Community_College" class="mw-redirect" title="Columbia-Greene Community College">Columbia-Greene Community College</a></li>
<li><a href="/wiki/Corning_Community_College" title="Corning Community College">Corning Community College</a></li>
<li><a href="/wiki/Dutchess_Community_College" title="Dutchess Community College">Dutchess Community College</a></li>
<li><a href="/wiki/Erie_Community_College" title="Erie Community College">Erie Community College</a></li>
<li><a href="/wiki/Fashion_Institute_of_Technology" title="Fashion Institute of Technology">Fashion Institute of Technology</a>, <a href="/wiki/Chelsea,_Manhattan" title="Chelsea, Manhattan">Chelsea, Manhattan</a></li>
<li><a href="/wiki/Finger_Lakes_Community_College" title="Finger Lakes Community College">Finger Lakes Community College</a></li>
<li><a href="/wiki/Fulton-Montgomery_Community_College" class="mw-redirect" title="Fulton-Montgomery Community College">Fulton-Montgomery Community College</a></li>
<li><a href="/wiki/Genesee_Community_College" title="Genesee Community College">Genesee Community College</a></li>
<li><a href="/wiki/Herkimer_County_Community_College" title="Herkimer County Community College">Herkimer County Community College</a></li>
<li><a href="/wiki/Hudson_Valley_Community_College" title="Hudson Valley Community College">Hudson Valley Community College</a></li>
<li><a href="/wiki/Jamestown_Community_College" title="Jamestown Community College">Jamestown Community College</a></li>
<li><a href="/wiki/Jefferson_Community_College_(New_York)" class="mw-redirect" title="Jefferson Community College (New York)">Jefferson Community College</a></li>
<li><a href="/wiki/Mohawk_Valley_Community_College" title="Mohawk Valley Community College">Mohawk Valley Community College</a></li>
<li><a href="/wiki/Monroe_Community_College" title="Monroe Community College">Monroe Community College</a></li>
<li><a href="/wiki/Nassau_Community_College" title="Nassau Community College">Nassau Community College</a></li>
<li><a href="/wiki/Niagara_County_Community_College" title="Niagara County Community College">Niagara County Community College</a></li>
<li><a href="/wiki/North_Country_Community_College" title="North Country Community College">North Country Community College</a></li>
<li><a href="/wiki/Onondaga_Community_College" title="Onondaga Community College">Onondaga Community College</a></li>
<li><a href="/wiki/Orange_County_Community_College" class="mw-redirect" title="Orange County Community College">Orange County Community College</a></li>
<li><a href="/wiki/Rockland_Community_College" title="Rockland Community College">Rockland Community College</a></li>
<li><a href="/wiki/Schenectady_County_Community_College" title="Schenectady County Community College">Schenectady County Community College</a></li>
<li><a href="/wiki/Suffolk_County_Community_College" title="Suffolk County Community College">Suffolk County Community College</a></li>
<li><a href="/wiki/Sullivan_County_Community_College" class="mw-redirect" title="Sullivan County Community College">Sullivan County Community College</a></li>
<li><a href="/wiki/Tompkins_Cortland_Community_College" title="Tompkins Cortland Community College">Tompkins Cortland Community College</a></li>
<li><a href="/wiki/Ulster_County_Community_College" class="mw-redirect" title="Ulster County Community College">Ulster County Community College</a></li>
<li><a href="/wiki/Westchester_Community_College" title="Westchester Community College">Westchester Community College</a></li></ul></dd></dl>
<ul><li><i>SUNY State-wide Colleges</i></li></ul>
<dl><dd><ul><li><a href="/wiki/Empire_State_College" title="Empire State College">Empire State College</a></li>
<li><a href="/wiki/SUNY_Learning_Network" class="mw-redirect" title="SUNY Learning Network">SUNY Learning Network</a></li></ul></dd></dl>
</div>
<h3><span id="City_University_of_New_York_.28CUNY.29"></span><span class="mw-headline" id="City_University_of_New_York_(CUNY)">City University of New York (CUNY)</span><span class="mw-editsection"><span class="mw-editsection-bracket">[</span><a href="/w/index.php?title=List_of_colleges_and_universities_in_New_York_(state)&amp;action=edit&amp;section=3" title="Edit section: City University of New York (CUNY)">edit</a><span class="mw-editsection-bracket">]</span></span></h3>
<div role="note" class="hatnote navigation-not-searchable">Main article: <a href="/wiki/City_University_of_New_York" title="City University of New York">City University of New York</a></div>
<div role="note" class="hatnote navigation-not-searchable">For a more detailed list of the institutions that comprise CUNY, see <a href="/wiki/List_of_City_University_of_New_York_institutions" title="List of City University of New York institutions">List of City University of New York institutions</a>.</div>
<div class="div-col columns column-width" style="-moz-column-width: 30em; -webkit-column-width: 30em; column-width: 30em;">
<ul><li><i>CUNY Senior Colleges and Graduate Schools</i></li></ul>
<dl><dd><ul><li><a href="/wiki/Baruch_College" title="Baruch College">Baruch College</a>, <a href="/wiki/Gramercy_Park" title="Gramercy Park">Gramercy Park</a></li>
<li><a href="/wiki/Brooklyn_College" title="Brooklyn College">Brooklyn College</a></li>
<li><a href="/wiki/City_College_of_New_York" title="City College of New York">City College</a>, <a href="/wiki/Harlem" title="Harlem">Harlem</a></li>
<li><a href="/wiki/College_of_Staten_Island" title="College of Staten Island">College of Staten Island</a></li>
<li><a href="/wiki/CUNY_Graduate_Center" class="mw-redirect" title="CUNY Graduate Center">CUNY Graduate Center</a>, <a href="/wiki/Fifth_Avenue" title="Fifth Avenue">Fifth Avenue</a> at <a href="/wiki/34th_Street_(Manhattan)" title="34th Street (Manhattan)">34th Street</a></li>
<li><a href="/wiki/CUNY_Graduate_School_of_Journalism" class="mw-redirect" title="CUNY Graduate School of Journalism">CUNY Graduate School of Journalism</a>, <a href="/wiki/Midtown_Manhattan" title="Midtown Manhattan">Midtown Manhattan</a></li>
<li><a href="/wiki/CUNY_Law_School" class="mw-redirect" title="CUNY Law School">CUNY Law School</a>, <a href="/wiki/Long_Island_City" title="Long Island City">Long Island City</a></li>
<li><a href="/wiki/CUNY_School_of_Medicine" title="CUNY School of Medicine">CUNY School of Medicine</a></li>
<li><a href="/wiki/CUNY_School_of_Professional_Studies" title="CUNY School of Professional Studies">CUNY School of Professional Studies</a></li>
<li><a href="/wiki/CUNY_School_of_Public_Health" title="CUNY School of Public Health">CUNY School of Public Health</a></li>
<li>CUNY <a href="/wiki/William_E._Macaulay_Honors_College" title="William E. Macaulay Honors College">William E. Macaulay Honors College</a></li>
<li><a href="/wiki/Hunter_College" title="Hunter College">Hunter College</a>, <a href="/wiki/Upper_East_Side" title="Upper East Side">Upper East Side</a></li>
<li><a href="/wiki/John_Jay_College_of_Criminal_Justice" title="John Jay College of Criminal Justice">John Jay College of Criminal Justice</a>, <a href="/wiki/Midtown_Manhattan" title="Midtown Manhattan">Midtown Manhattan</a></li>
<li><a href="/wiki/Lehman_College" title="Lehman College">Lehman College</a>, <a href="/wiki/The_Bronx" title="The Bronx">The Bronx</a></li>
<li><a href="/wiki/Medgar_Evers_College" title="Medgar Evers College">Medgar Evers College</a>, <a href="/wiki/Crown_Heights,_Brooklyn" title="Crown Heights, Brooklyn">Crown Heights, Brooklyn</a></li>
<li><a href="/wiki/New_York_City_College_of_Technology" title="New York City College of Technology">New York City College of Technology</a> at <a href="/wiki/MetroTech_Center" title="MetroTech Center">MetroTech</a>, <a href="/wiki/Downtown_Brooklyn" title="Downtown Brooklyn">Downtown Brooklyn</a></li>
<li><a href="/wiki/Queens_College,_New_York" class="mw-redirect" title="Queens College, New York">Queens College</a>, <a href="/wiki/Flushing,_Queens" title="Flushing, Queens">Flushing</a></li>
<li><a href="/wiki/York_College,_City_University_of_New_York" title="York College, City University of New York">York College</a>, <a href="/wiki/Jamaica,_Queens" title="Jamaica, Queens">Jamaica, Queens</a></li></ul></dd></dl>
<ul><li><i>CUNY <a href="/wiki/Community_Colleges" class="mw-redirect" title="Community Colleges">Community Colleges</a></i></li></ul>
<dl><dd><ul><li><a href="/wiki/Borough_of_Manhattan_Community_College" title="Borough of Manhattan Community College">Borough of Manhattan Community College</a>, <a href="/wiki/Tribeca" title="Tribeca">Tribeca</a></li>
<li><a href="/wiki/Bronx_Community_College" title="Bronx Community College">Bronx Community College</a>, <a href="/wiki/University_Heights,_Bronx" title="University Heights, Bronx">University Heights, Bronx</a></li>
<li><a href="/wiki/Guttman_Community_College" title="Guttman Community College">Guttman Community College</a>, <a href="/wiki/Midtown_Manhattan" title="Midtown Manhattan">Midtown Manhattan</a></li>
<li><a href="/wiki/Hostos_Community_College" title="Hostos Community College">Hostos Community College</a>, <a href="/wiki/South_Bronx" title="South Bronx">South Bronx</a></li>
<li><a href="/wiki/Kingsborough_Community_College" title="Kingsborough Community College">Kingsborough Community College</a>, <a href="/wiki/Manhattan_Beach,_Brooklyn" title="Manhattan Beach, Brooklyn">Manhattan Beach, Brooklyn</a></li>
<li><a href="/wiki/LaGuardia_Community_College" title="LaGuardia Community College">LaGuardia Community College</a>, <a href="/wiki/Long_Island_City#Hunters_Point" title="Long Island City">Hunters Point, Long Island City</a></li>
<li><a href="/wiki/Queensborough_Community_College" title="Queensborough Community College">Queensborough Community College</a>, <a href="/wiki/Bayside,_Queens" title="Bayside, Queens">Bayside, Queens</a></li></ul></dd></dl>
</div>
<h2><span class="mw-headline" id="Public_institutions_operated_by_private_institutions">Public institutions operated by private institutions</span><span class="mw-editsection"><span class="mw-editsection-bracket">[</span><a href="/w/index.php?title=List_of_colleges_and_universities_in_New_York_(state)&amp;action=edit&amp;section=4" title="Edit section: Public institutions operated by private institutions">edit</a><span class="mw-editsection-bracket">]</span></span></h2>
<p>(<a href="/wiki/State_University_of_New_York" title="State University of New York">SUNY</a> <a href="/wiki/Statutory_college" title="Statutory college">Statutory Colleges</a>)
</p>
<div class="div-col columns column-width" style="-moz-column-width: 30em; -webkit-column-width: 30em; column-width: 30em;">
<p>At <a href="/wiki/Alfred_University" title="Alfred University">Alfred University</a>
</p>
<ul><li><a href="/wiki/New_York_State_College_of_Ceramics" title="New York State College of Ceramics">New York State College of Ceramics</a> operated by <a href="/wiki/Alfred_University" title="Alfred University">Alfred University</a></li></ul>
<p>At <a href="/wiki/Cornell_University" title="Cornell University">Cornell University</a>
</p>
<ul><li><a href="/wiki/Cornell_University_College_of_Agriculture_and_Life_Sciences" title="Cornell University College of Agriculture and Life Sciences">New York State College of Agriculture and Life Sciences</a></li>
<li><a href="/wiki/Cornell_University_College_of_Human_Ecology" title="Cornell University College of Human Ecology">New York State College of Human Ecology</a></li>
<li><a href="/wiki/Cornell_University_College_of_Veterinary_Medicine" title="Cornell University College of Veterinary Medicine">New York State College of Veterinary Medicine</a></li>
<li><a href="/wiki/Cornell_University_School_of_Industrial_and_Labor_Relations" title="Cornell University School of Industrial and Labor Relations">New York State School of Industrial and Labor Relations</a></li></ul>
</div>
<h2><span class="mw-headline" id="Federal_service_academies">Federal service academies</span><span class="mw-editsection"><span class="mw-editsection-bracket">[</span><a href="/w/index.php?title=List_of_colleges_and_universities_in_New_York_(state)&amp;action=edit&amp;section=5" title="Edit section: Federal service academies">edit</a><span class="mw-editsection-bracket">]</span></span></h2>
<div class="div-col columns column-width" style="-moz-column-width: 30em; -webkit-column-width: 30em; column-width: 30em;">
<ul><li><a href="/wiki/United_States_Merchant_Marine_Academy" title="United States Merchant Marine Academy">United States Merchant Marine Academy</a>, <a href="/wiki/Kings_Point,_New_York" title="Kings Point, New York">Kings Point</a></li>
<li><a href="/wiki/United_States_Military_Academy" title="United States Military Academy">United States Military Academy</a>, <a href="/wiki/West_Point,_New_York" title="West Point, New York">West Point</a></li></ul>
</div>
<h2><span id="Non-sectarian_private_colleges_and_universities_.28not_for_profit.29"></span><span class="mw-headline" id="Non-sectarian_private_colleges_and_universities_(not_for_profit)">Non-sectarian private colleges and universities (not for profit)</span><span class="mw-editsection"><span class="mw-editsection-bracket">[</span><a href="/w/index.php?title=List_of_colleges_and_universities_in_New_York_(state)&amp;action=edit&amp;section=6" title="Edit section: Non-sectarian private colleges and universities (not for profit)">edit</a><span class="mw-editsection-bracket">]</span></span></h2>
<div role="note" class="hatnote navigation-not-searchable">See also: <a href="/wiki/Education_in_New_York_(state)" title="Education in New York (state)">Education in New York (state)</a></div>
<div class="div-col columns column-width" style="-moz-column-width: 30em; -webkit-column-width: 30em; column-width: 30em;">
<ul><li><a href="/wiki/Adelphi_University" title="Adelphi University">Adelphi University</a>, <a href="/wiki/Garden_City,_New_York" title="Garden City, New York">Garden City</a></li>
<li><a href="/wiki/Albany_College_of_Pharmacy_and_Health_Sciences" title="Albany College of Pharmacy and Health Sciences">Albany College of Pharmacy and Health Sciences</a></li></ul>
<ol><li><a href="/wiki/Albany,_New_York" title="Albany, New York">Albany</a> campus</li></ol>
<ul><li><a href="/wiki/Alfred_University" title="Alfred University">Alfred University</a>, <a href="/wiki/Alfred_(village),_New_York" title="Alfred (village), New York">Alfred</a></li>
<li><a href="/wiki/American_Museum_of_Natural_History" title="American Museum of Natural History">American Museum of Natural History</a></li></ul>
<ol><li><a href="/wiki/American_Museum_of_Natural_History#Richard_Gilder_Graduate_School" title="American Museum of Natural History">Richard Gilder Graduate School</a>, <a href="/wiki/Upper_West_Side" title="Upper West Side">Upper West Side</a></li></ol>
<ul><li><a href="/wiki/Bank_Street_College_of_Education" title="Bank Street College of Education">Bank Street College of Education</a> (graduate school), <a href="/wiki/Morningside_Heights,_Manhattan" title="Morningside Heights, Manhattan">Morningside Heights, Manhattan</a>, next to <a href="/wiki/Columbia_University" title="Columbia University">Columbia University</a></li>
<li><a href="/wiki/Bard_College" title="Bard College">Bard College</a>, <a href="/wiki/Annandale-on-Hudson,_New_York" title="Annandale-on-Hudson, New York">Annandale-on-Hudson</a></li>
<li><a href="/wiki/Barnard_College" title="Barnard College">Barnard College</a>, <a href="/wiki/Morningside_Heights,_Manhattan" title="Morningside Heights, Manhattan">Morningside Heights, Manhattan</a>, across the street from <a href="/wiki/Columbia_University" title="Columbia University">Columbia University</a></li>
<li><a href="/wiki/Brooklyn_Law_School" title="Brooklyn Law School">Brooklyn Law School</a>, <a href="/wiki/Brooklyn_Heights" title="Brooklyn Heights">Brooklyn Heights</a></li>
<li><a href="/wiki/Cazenovia_College" title="Cazenovia College">Cazenovia College</a>, <a href="/wiki/Cazenovia,_New_York" title="Cazenovia, New York">Cazenovia</a></li>
<li><a href="/wiki/Clarkson_University" title="Clarkson University">Clarkson University</a>, <a href="/wiki/Potsdam_(village),_New_York" title="Potsdam (village), New York">Potsdam</a></li>
<li><a href="/wiki/Cold_Spring_Harbor_Laboratory" title="Cold Spring Harbor Laboratory">Cold Spring Harbor Laboratory</a>, <a href="/wiki/North_Shore_(Long_Island)" title="North Shore (Long Island)">North Shore, Long Island</a></li></ul>
<ol><li><a href="/wiki/Watson_School_of_Biological_Sciences" title="Watson School of Biological Sciences">Watson School of Biological Sciences</a> (graduate school)</li></ol>
<ul><li><a href="/wiki/Colgate_University" title="Colgate University">Colgate University</a>, <a href="/wiki/Hamilton_(village),_New_York" title="Hamilton (village), New York">Hamilton</a></li></ul>
<ul><li><a href="/wiki/Columbia_University" title="Columbia University">Columbia University</a>, <a href="/wiki/Morningside_Heights" class="mw-redirect" title="Morningside Heights">Morningside Heights</a></li></ul>
<ol><li><a href="/wiki/Columbia_College,_Columbia_University" class="mw-redirect" title="Columbia College, Columbia University">Columbia College</a></li>
<li><a href="/wiki/Columbia_Business_School" title="Columbia Business School">Columbia Business School</a></li>
<li><a href="/wiki/Columbia_Law_School" title="Columbia Law School">Columbia Law School</a></li>
<li><a href="/wiki/Columbia_Graduate_School_of_Architecture,_Planning_and_Preservation" title="Columbia Graduate School of Architecture, Planning and Preservation">Columbia Graduate School of Architecture, Planning and Preservation</a></li>
<li><a href="/wiki/Fu_Foundation_School_of_Engineering_and_Applied_Science" title="Fu Foundation School of Engineering and Applied Science">Fu Foundation School of Engineering and Applied Science</a></li>
<li><a href="/wiki/Columbia_Graduate_School_of_Arts_and_Sciences" title="Columbia Graduate School of Arts and Sciences">Columbia Graduate School of Arts and Sciences</a></li>
<li><a href="/wiki/Columbia_University_School_of_the_Arts" title="Columbia University School of the Arts">School of the Arts</a></li>
<li><a href="/wiki/Columbia_University_Graduate_School_of_Journalism" title="Columbia University Graduate School of Journalism">Graduate School of Journalism</a></li>
<li><a href="/wiki/Columbia_University_School_of_General_Studies" title="Columbia University School of General Studies">School of General Studies</a></li>
<li><a href="/wiki/Columbia_University_School_of_Social_Work" title="Columbia University School of Social Work">School of Social Work</a></li>
<li><a href="/wiki/School_of_International_and_Public_Affairs,_Columbia_University" title="School of International and Public Affairs, Columbia University">School of International and Public Affairs</a></li>
<li><a href="/wiki/Columbia_University_School_of_Professional_Studies" title="Columbia University School of Professional Studies">School of Professional Studies</a></li>
<li><a href="/wiki/Columbia_University_College_of_Physicians_and_Surgeons" title="Columbia University College of Physicians and Surgeons">College of Physicians and Surgeons</a></li>
<li><a href="/wiki/Columbia_University_School_of_Nursing" title="Columbia University School of Nursing">School of Nursing</a></li>
<li><a href="/wiki/Columbia_University_College_of_Dental_Medicine" title="Columbia University College of Dental Medicine">College of Dental Medicine</a></li>
<li><a href="/wiki/Columbia_University_Mailman_School_of_Public_Health" title="Columbia University Mailman School of Public Health">Mailman School of Public Health</a></li></ol>
<ul><li><a href="/wiki/Cooper_Union" title="Cooper Union">Cooper Union</a>, <a href="/wiki/East_Village,_Manhattan" title="East Village, Manhattan">East Village, Manhattan</a></li>
<li><a href="/wiki/Cornell_University" title="Cornell University">Cornell University</a>, <a href="/wiki/Ithaca,_New_York" title="Ithaca, New York">Ithaca</a></li></ul>
<ol><li><a href="/wiki/Cornell_Tech" title="Cornell Tech">Cornell Tech</a>, <a href="/wiki/Manhattan" title="Manhattan">Manhattan</a></li>
<li><a href="/wiki/Weill_Cornell_Graduate_School_of_Medical_Sciences" title="Weill Cornell Graduate School of Medical Sciences">Weill Cornell Graduate School of Medical Sciences</a>, <a href="/wiki/Manhattan" title="Manhattan">Manhattan</a></li>
<li><a href="/wiki/Weill_Cornell_Medicine" title="Weill Cornell Medicine">Weill Cornell Medicine</a>, <a href="/wiki/Upper_East_Side" title="Upper East Side">Upper East Side</a></li></ol>
<ul><li><a href="/wiki/Culinary_Institute_of_America" class="mw-redirect" title="Culinary Institute of America">Culinary Institute of America</a></li></ul>
<ol><li><a href="/wiki/Hyde_Park_campus_of_the_Culinary_Institute_of_America" title="Hyde Park campus of the Culinary Institute of America">Hyde Park campus</a>, <a href="/wiki/Hyde_Park,_New_York" title="Hyde Park, New York">Hyde Park</a></li></ol>
<ul><li><a href="/wiki/Daemen_College" title="Daemen College">Daemen College</a>, <a href="/wiki/Amherst,_New_York" title="Amherst, New York">Amherst</a></li>
<li><a href="/wiki/Elmira_College" title="Elmira College">Elmira College</a>, <a href="/wiki/Elmira,_New_York" title="Elmira, New York">Elmira</a></li>
<li><a href="/wiki/Excelsior_College" title="Excelsior College">Excelsior College</a>, <a href="/wiki/Albany,_New_York" title="Albany, New York">Albany</a></li>
<li><a href="/wiki/Hamilton_College_(New_York)" class="mw-redirect" title="Hamilton College (New York)">Hamilton College</a>, <a href="/wiki/Clinton,_Oneida_County,_New_York" title="Clinton, Oneida County, New York">Clinton</a></li>
<li><a href="/wiki/Hartwick_College" title="Hartwick College">Hartwick College</a>, <a href="/wiki/Oneonta,_New_York" title="Oneonta, New York">Oneonta</a></li>
<li><a href="/wiki/Helene_Fuld_College_of_Nursing" title="Helene Fuld College of Nursing">Helene Fuld College of Nursing</a>, <a href="/wiki/Harlem" title="Harlem">Harlem</a></li>
<li><a href="/wiki/Hobart_and_William_Smith_Colleges" title="Hobart and William Smith Colleges">Hobart and William Smith Colleges</a>, <a href="/wiki/Geneva,_New_York" title="Geneva, New York">Geneva</a></li>
<li><a href="/wiki/Hofstra_University" title="Hofstra University">Hofstra University</a>, <a href="/wiki/Hempstead_(village),_New_York" title="Hempstead (village), New York">Hempstead</a></li></ul>
<ol><li><a href="/wiki/Frank_G._Zarb_School_of_Business" title="Frank G. Zarb School of Business">Frank G. Zarb School of Business</a></li></ol>
<ul><li><a href="/wiki/Icahn_School_of_Medicine_at_Mount_Sinai" title="Icahn School of Medicine at Mount Sinai">Icahn School of Medicine at Mount Sinai</a> (graduate only), <a href="/wiki/Upper_East_Side" title="Upper East Side">Upper East Side, Manhattan</a></li>
<li><a href="/wiki/Ithaca_College" title="Ithaca College">Ithaca College</a></li></ul>
<ol><li><a href="/wiki/Ithaca_College_School_of_Music" title="Ithaca College School of Music">School of Music</a></li>
<li><a href="/wiki/Ithaca_College_School_of_Humanities_and_Sciences" title="Ithaca College School of Humanities and Sciences">School of Humanities and Sciences</a></li></ol>
<ul><li><a href="/wiki/Juilliard_School" title="Juilliard School">Juilliard School</a>, <a href="/wiki/Lincoln_Center_for_the_Performing_Arts" title="Lincoln Center for the Performing Arts">Lincoln Center for the Performing Arts</a>, <a href="/wiki/Manhattan" title="Manhattan">Manhattan</a></li>
<li><a href="/wiki/Keuka_College" title="Keuka College">Keuka College</a>, <a href="/wiki/Keuka_Park,_New_York" title="Keuka Park, New York">Keuka Park</a></li>
<li><a href="/wiki/Long_Island_University" title="Long Island University">Long Island University</a></li></ul>
<ol><li><a href="/wiki/LIU_Post" title="LIU Post">LIU Post</a> (formerly <a href="/wiki/LIU_Post" title="LIU Post">C.W. Post</a>), <a href="/wiki/Brookville,_New_York" title="Brookville, New York">Brookville</a></li>
<li><a href="/wiki/LIU_Brooklyn" title="LIU Brooklyn">LIU Brooklyn</a></li></ol>
<ul><li><a href="/wiki/Manhattan_School_of_Music" title="Manhattan School of Music">Manhattan School of Music</a>, <a href="/wiki/Morningside_Heights" class="mw-redirect" title="Morningside Heights">Morningside Heights</a> (<a href="/wiki/Columbia_University" title="Columbia University">Columbia University</a> area)</li>
<li><a href="/wiki/Manhattanville_College" title="Manhattanville College">Manhattanville College</a></li>
<li><a href="/wiki/Marymount_Manhattan_College" title="Marymount Manhattan College">Marymount Manhattan College</a>, <a href="/wiki/Upper_East_Side" title="Upper East Side">Upper East Side, Manhattan</a>, near <a href="/wiki/Hunter_College" title="Hunter College">Hunter College</a></li>
<li><a href="/wiki/Medaille_College" title="Medaille College">Medaille College</a>, <a href="/wiki/Buffalo,_New_York" title="Buffalo, New York">Buffalo</a></li>
<li><a href="/wiki/Mercy_College_(New_York)" title="Mercy College (New York)">Mercy College (New York)</a>, <a href="/wiki/Dobbs_Ferry,_New_York" title="Dobbs Ferry, New York">Dobbs Ferry</a></li>
<li><a href="/wiki/Metropolitan_College_of_New_York" title="Metropolitan College of New York">Metropolitan College of New York</a></li></ul>
<ol><li><a href="/wiki/Lower_Manhattan" title="Lower Manhattan">Lower Manhattan</a> at 60 West Street (main campus)</li>
<li><a href="/wiki/The_Bronx" title="The Bronx">The Bronx</a> (extension campus)</li></ol>
<ul><li><a href="/wiki/Monroe_College" title="Monroe College">Monroe College</a></li></ul>
<ol><li><a href="/wiki/Bronx" class="mw-redirect" title="Bronx">Bronx</a> campus</li>
<li><a href="/wiki/New_Rochelle,_New_York" title="New Rochelle, New York">New Rochelle</a> campus</li></ol>
<ul><li><a href="/wiki/Nazareth_College_(New_York)" title="Nazareth College (New York)">Nazareth College</a>, <a href="/wiki/Pittsford,_New_York" title="Pittsford, New York">Pittsford</a>, near <a href="/wiki/Rochester,_New_York" title="Rochester, New York">Rochester</a></li>
<li><a href="/wiki/The_New_School" title="The New School">The New School</a>, <a href="/wiki/Lower_Manhattan" title="Lower Manhattan">Lower Manhattan</a></li></ul>
<ol><li><a href="/wiki/The_New_School_for_Social_Research" title="The New School for Social Research">School for Social Research</a></li>
<li><a href="/wiki/Eugene_Lang_College_The_New_School_for_Liberal_Arts" class="mw-redirect" title="Eugene Lang College The New School for Liberal Arts">Eugene Lang College, School for Liberal Arts</a></li>
<li><a href="/wiki/The_New_School_College_of_Performing_Arts" title="The New School College of Performing Arts">College of Performing Arts</a></li></ol>
<dl><dd><dl><dd><dl><dd><a href="/wiki/Mannes_School_of_Music" title="Mannes School of Music">Mannes School of Music</a></dd>
<dd><a href="/wiki/School_of_Jazz_(The_New_School)" title="School of Jazz (The New School)">School of Jazz</a></dd>
<dd><a href="/wiki/School_of_Drama_(The_New_School)" title="School of Drama (The New School)">School of Drama</a></dd></dl></dd></dl></dd></dl>
<div><ol start="4"><li><a href="/wiki/The_Schools_of_Public_Engagement_(The_New_School)" title="The Schools of Public Engagement (The New School)">The Schools of Public Engagement</a></li><li><a href="/wiki/Parsons_School_of_Design" title="Parsons School of Design">Parsons School of Design</a></li></ol></div>
<ul><li><a href="/wiki/New_York_Chiropractic_College" title="New York Chiropractic College">New York Chiropractic College</a>, <a href="/wiki/Seneca_Falls,_New_York" title="Seneca Falls, New York">Seneca Falls</a></li>
<li><a href="/wiki/New_York_Institute_of_Technology" title="New York Institute of Technology">New York Institute of Technology</a></li></ul>
<ol><li><a href="/wiki/Old_Westbury,_New_York" title="Old Westbury, New York">Old Westbury</a> campus</li>
<li><a href="/wiki/Central_Islip,_New_York" title="Central Islip, New York">Central Islip</a> campus</li>
<li><a href="/wiki/Columbus_Circle" title="Columbus Circle">Columbus Circle, Manhattan</a> campus</li></ol>
<ul><li><a href="/wiki/New_York_University" title="New York University">New York University</a>, <a href="/wiki/West_Village" title="West Village">West Village</a>, <a href="/wiki/Manhattan" title="Manhattan">Manhattan</a></li></ul>
<ol><li><a href="/wiki/New_York_University_College_of_Arts_%26_Science" title="New York University College of Arts &amp; Science">New York University College of Arts &amp; Science</a></li>
<li><a href="/wiki/Courant_Institute_of_Mathematical_Sciences" title="Courant Institute of Mathematical Sciences">Courant Institute of Mathematical Sciences</a></li>
<li><a href="/wiki/Gallatin_School_of_Individualized_Study" title="Gallatin School of Individualized Study">Gallatin School of Individualized Study</a></li>
<li><a href="/wiki/New_York_University_Institute_of_Fine_Arts" title="New York University Institute of Fine Arts">Institute of Fine Arts</a></li>
<li><a href="/wiki/NYU_Liberal_Studies" title="NYU Liberal Studies">Liberal Studies</a></li>
<li><a href="/wiki/New_York_University_School_of_Law" title="New York University School of Law">School of Law</a></li>
<li><a href="/wiki/New_York_University_School_of_Medicine" title="New York University School of Medicine">School of Medicine</a></li>
<li><a href="/wiki/Steinhardt_School_of_Culture,_Education,_and_Human_Development" title="Steinhardt School of Culture, Education, and Human Development">Steinhardt School of Culture, Education, and Human Development</a></li>
<li><a href="/wiki/Sackler_Institute_of_Graduate_Biomedical_Sciences" title="Sackler Institute of Graduate Biomedical Sciences">Sackler Institute of Graduate Biomedical Sciences</a></li>
<li><a href="/wiki/New_York_University_School_of_Professional_Studies" title="New York University School of Professional Studies">School of Professional Studies</a></li>
<li><a href="/wiki/New_York_University_School_of_Social_Work" title="New York University School of Social Work">School of Social Work</a></li>
<li><a href="/wiki/New_York_University_Stern_School_of_Business" title="New York University Stern School of Business">Stern School of Business</a></li>
<li><a href="/wiki/New_York_University_Tandon_School_of_Engineering" title="New York University Tandon School of Engineering">Tandon School of Engineering</a></li>
<li><a href="/wiki/Tisch_School_of_the_Arts" class="mw-redirect" title="Tisch School of the Arts">Tisch School of the Arts</a></li></ol>
<ul><li><a href="/wiki/Pace_University" title="Pace University">Pace University</a></li></ul>
<ol><li><a href="/wiki/Manhattan" title="Manhattan">Manhattan</a> campus</li>
<li><a href="/wiki/Pleasantville,_New_York" title="Pleasantville, New York">Pleasantville</a> campus</li>
<li><a href="/wiki/White_Plains,_New_York" title="White Plains, New York">White Plains</a> campus</li></ol>
<ul><li><a href="/wiki/Paul_Smith%27s_College" title="Paul Smith&#39;s College">Paul Smith's College</a>, <a href="/wiki/Paul_Smiths,_New_York" title="Paul Smiths, New York">Paul Smiths</a></li>
<li><a href="/wiki/Pratt_Institute" title="Pratt Institute">Pratt Institute</a>, <a href="/wiki/Clinton_Hill,_Brooklyn" title="Clinton Hill, Brooklyn">Clinton Hill, Brooklyn</a></li>
<li><a href="/wiki/Rensselaer_Polytechnic_Institute" title="Rensselaer Polytechnic Institute">Rensselaer Polytechnic Institute</a>, <a href="/wiki/Troy,_New_York" title="Troy, New York">Troy</a></li>
<li><a href="/wiki/Rochester_Institute_of_Technology" title="Rochester Institute of Technology">Rochester Institute of Technology</a>, <a href="/wiki/Henrietta,_New_York" title="Henrietta, New York">Henrietta</a></li>
<li><a href="/wiki/The_Sage_Colleges" title="The Sage Colleges">Sage Colleges</a></li></ul>
<ol><li><a href="/wiki/Russell_Sage_College" title="Russell Sage College">Russell Sage College</a>, <a href="/wiki/Troy,_New_York" title="Troy, New York">Troy</a></li>
<li><a href="/wiki/Sage_College_of_Albany" title="Sage College of Albany">Sage College of Albany</a></li>
<li><a href="/wiki/Sage_Graduate_Schools" title="Sage Graduate Schools">Sage Graduate Schools</a>, <a href="/wiki/Troy,_New_York" title="Troy, New York">Troy</a> and <a href="/wiki/Albany,_New_York" title="Albany, New York">Albany</a></li></ol>
<ul><li><a href="/wiki/Sarah_Lawrence_College" title="Sarah Lawrence College">Sarah Lawrence College</a>, <a href="/wiki/Yonkers,_New_York" title="Yonkers, New York">Yonkers</a></li>
<li><a href="/wiki/Skidmore_College" title="Skidmore College">Skidmore College</a>, <a href="/wiki/Saratoga_Springs,_New_York" title="Saratoga Springs, New York">Saratoga Springs</a></li>
<li><a href="/wiki/St._Lawrence_University" title="St. Lawrence University">St. Lawrence University</a>, <a href="/wiki/Canton_(village),_New_York" title="Canton (village), New York">Canton</a></li>
<li><a href="/wiki/St._Thomas_Aquinas_College" title="St. Thomas Aquinas College">St. Thomas Aquinas College</a>, <a href="/wiki/Sparkill,_New_York" title="Sparkill, New York">Sparkill</a></li></ul>
<ul><li><a href="/wiki/University_of_Rochester" title="University of Rochester">University of Rochester</a></li></ul>
<ol><li><a href="/wiki/Eastman_School_of_Music" title="Eastman School of Music">Eastman School of Music</a></li>
<li><a href="/wiki/University_of_Rochester_College_of_Arts_Sciences_and_Engineering" title="University of Rochester College of Arts Sciences and Engineering">College of Arts Sciences and Engineering</a></li>
<li><a href="/wiki/Margaret_Warner_Graduate_School_of_Education_and_Human_Development" title="Margaret Warner Graduate School of Education and Human Development">Margaret Warner Graduate School of Education and Human Development</a></li>
<li><a href="/wiki/Simon_Business_School" title="Simon Business School">Simon Business School</a></li></ol>
<ul><li><a href="/wiki/Union_College" title="Union College">Union College</a>, <a href="/wiki/Schenectady,_New_York" title="Schenectady, New York">Schenectady</a></li>
<li><a href="/wiki/Utica_College" title="Utica College">Utica College</a></li>
<li><a href="/wiki/Vassar_College" title="Vassar College">Vassar College</a>, <a href="/wiki/Poughkeepsie_(town),_New_York" title="Poughkeepsie (town), New York">Poughkeepsie</a></li>
<li><a href="/wiki/Vaughn_College_of_Aeronautics_and_Technology" title="Vaughn College of Aeronautics and Technology">Vaughn College of Aeronautics and Technology</a>, <a href="/wiki/East_Elmhurst,_Queens" title="East Elmhurst, Queens">East Elmhurst, Queens</a></li>
<li><a href="/wiki/Villa_Maria_College" title="Villa Maria College">Villa Maria College</a>, <a href="/wiki/Buffalo,_New_York" title="Buffalo, New York">Buffalo</a></li>
<li><a href="/wiki/Webb_Institute" title="Webb Institute">Webb Institute</a>, <a href="/wiki/Glen_Cove,_New_York" title="Glen Cove, New York">Glen Cove</a></li>
<li><a href="/wiki/Wells_College" title="Wells College">Wells College</a>, <a href="/wiki/Aurora,_Cayuga_County,_New_York" title="Aurora, Cayuga County, New York">Aurora</a></li></ul>
</div>
<h2><span id="Private_colleges_and_academies_.28for_profit.29"></span><span class="mw-headline" id="Private_colleges_and_academies_(for_profit)">Private colleges and academies (for profit)</span><span class="mw-editsection"><span class="mw-editsection-bracket">[</span><a href="/w/index.php?title=List_of_colleges_and_universities_in_New_York_(state)&amp;action=edit&amp;section=7" title="Edit section: Private colleges and academies (for profit)">edit</a><span class="mw-editsection-bracket">]</span></span></h2>
<div class="div-col columns column-width" style="-moz-column-width: 30em; -webkit-column-width: 30em; column-width: 30em;">
<ul><li><a href="/wiki/ASA_College" title="ASA College">ASA College</a></li></ul>
<ol><li><a href="/wiki/White_Plains,_New_York" title="White Plains, New York">White Plains</a> campus</li>
<li><a href="/wiki/Midtown_Manhattan" title="Midtown Manhattan">Midtown Manhattan</a> campus</li>
<li><a href="/wiki/Downtown_Brooklyn" title="Downtown Brooklyn">Downtown Brooklyn</a> campus</li></ol>
<ul><li><a href="/wiki/Berkeley_College" title="Berkeley College">Berkeley College</a></li></ul>
<ol><li><a href="/wiki/Midtown_Manhattan" title="Midtown Manhattan">Midtown Manhattan</a> campus</li>
<li><a href="/wiki/Brooklyn" title="Brooklyn">Brooklyn</a> campus</li></ol>
<ul><li><a href="/wiki/DeVry_University" title="DeVry University">DeVry University</a></li></ul>
<ul><li><a href="/wiki/Five_Towns_College" title="Five Towns College">Five Towns College</a>, <a href="/wiki/Dix_Hills,_New_York" title="Dix Hills, New York">Dix Hills</a></li>
<li><a href="/wiki/Globe_Institute_of_Technology" title="Globe Institute of Technology">Globe Institute of Technology</a>, <a href="/wiki/Manhattan" title="Manhattan">Manhattan</a></li>
<li><a href="/wiki/LIM_College" title="LIM College">LIM College</a> (<a href="/wiki/Laboratory_Institute_of_Merchandising" class="mw-redirect" title="Laboratory Institute of Merchandising">Laboratory Institute of Merchandising</a>), <a href="/wiki/Midtown_Manhattan" title="Midtown Manhattan">Midtown Manhattan</a></li>
<li><a href="/wiki/New_York_Film_Academy" title="New York Film Academy">New York Film Academy</a>, <a href="/wiki/The_Battery_(Manhattan)" title="The Battery (Manhattan)">Battery Park, Manhattan</a></li></ul>
</div>
<h2><span id="Religious_affiliated.2Foriented_private_institutions"></span><span class="mw-headline" id="Religious_affiliated/oriented_private_institutions">Religious affiliated/oriented private institutions</span><span class="mw-editsection"><span class="mw-editsection-bracket">[</span><a href="/w/index.php?title=List_of_colleges_and_universities_in_New_York_(state)&amp;action=edit&amp;section=8" title="Edit section: Religious affiliated/oriented private institutions">edit</a><span class="mw-editsection-bracket">]</span></span></h2>
<h3><span class="mw-headline" id="Roman_Catholic"><a href="/wiki/Catholic_Church" title="Catholic Church">Roman Catholic</a></span><span class="mw-editsection"><span class="mw-editsection-bracket">[</span><a href="/w/index.php?title=List_of_colleges_and_universities_in_New_York_(state)&amp;action=edit&amp;section=9" title="Edit section: Roman Catholic">edit</a><span class="mw-editsection-bracket">]</span></span></h3>
<div class="div-col columns column-width" style="-moz-column-width: 30em; -webkit-column-width: 30em; column-width: 30em;">
<p><b><a href="/wiki/Society_of_Jesus" title="Society of Jesus">Jesuit</a></b>
</p>
<ul><li><a href="/wiki/Canisius_College" title="Canisius College">Canisius College</a>, <a href="/wiki/Buffalo,_New_York" title="Buffalo, New York">Buffalo</a></li>
<li><a href="/wiki/Le_Moyne_College" title="Le Moyne College">Le Moyne College</a>, <a href="/wiki/Syracuse,_New_York" title="Syracuse, New York">Syracuse</a></li>
<li><a href="/wiki/Fordham_University" title="Fordham University">Fordham University</a></li></ul>
<ol><li><a href="/wiki/Campuses_of_Fordham_University#Rose_Hill_campus" title="Campuses of Fordham University">Rose Hill campus</a>, <a href="/wiki/The_Bronx" title="The Bronx">The Bronx</a></li>
<li><a href="/wiki/Campuses_of_Fordham_University#Lincoln_Center_campus" title="Campuses of Fordham University">Lincoln Center campus</a>, <a href="/wiki/Manhattan" title="Manhattan">Manhattan</a></li></ol>
<p><b><a href="/wiki/Sisters_of_St._Joseph" title="Sisters of St. Joseph">Sisters of St. Joseph</a></b>
</p>
<ul><li><a href="/wiki/College_of_St._Rose" class="mw-redirect" title="College of St. Rose">College of St. Rose</a>, <a href="/wiki/Albany,_New_York" title="Albany, New York">Albany</a></li></ul>
<p><br />
<b><a href="/wiki/Sisters_of_Charity_of_New_York" title="Sisters of Charity of New York">Sisters of Charity of New York</a></b>
</p>
<ul><li><a href="/wiki/College_of_Mount_Saint_Vincent" title="College of Mount Saint Vincent">College of Mount Saint Vincent</a>, <a href="/wiki/Riverdale,_Bronx" title="Riverdale, Bronx">Riverdale</a></li></ul>
<p><b><a href="/wiki/Ursulines" title="Ursulines">Ursulines</a></b>
</p>
<ul><li><a href="/wiki/College_of_New_Rochelle" title="College of New Rochelle">College of New Rochelle</a></li></ul>
<p><b><a href="/wiki/Dominican_Order#Dominican_Sisters" title="Dominican Order">Dominican Sisters of Blauvelt</a></b>
</p>
<ul><li><a href="/wiki/Dominican_College_(New_York)" title="Dominican College (New York)">Dominican College</a>, <a href="/wiki/Orangeburg,_New_York" title="Orangeburg, New York">Orangeburg</a></li>
<li><a href="/wiki/Molloy_College" title="Molloy College">Molloy College</a>, <a href="/wiki/Rockville_Centre,_New_York" title="Rockville Centre, New York">Rockville Centre</a></li>
<li><a href="/wiki/Mount_Saint_Mary_College" title="Mount Saint Mary College">Mount Saint Mary College</a>, <a href="/wiki/Newburgh,_New_York" title="Newburgh, New York">Newburgh</a></li></ul>
<p><b><a href="/wiki/Grey_Nuns" title="Grey Nuns">Grey Nuns</a></b>
</p>
<ul><li><a href="/wiki/D%27Youville_College" title="D&#39;Youville College">D'Youville College</a>, <a href="/wiki/Buffalo,_New_York" title="Buffalo, New York">Buffalo</a></li></ul>
<p><b><a href="/wiki/Franciscans" title="Franciscans">Franciscan</a></b>
</p>
<ul><li><a href="/wiki/Hilbert_College" title="Hilbert College">Hilbert College</a>, <a href="/wiki/Hamburg,_New_York" title="Hamburg, New York">Hamburg</a></li>
<li><a href="/wiki/Siena_College" title="Siena College">Siena College</a>, <a href="/wiki/Loudonville,_New_York" title="Loudonville, New York">Loudonville</a></li>
<li><a href="/wiki/St._Bonaventure_University" title="St. Bonaventure University">St. Bonaventure University</a>, <a href="/wiki/Allegany_(town),_New_York" title="Allegany (town), New York">Allegany</a></li>
<li><a href="/wiki/St._Francis_College" title="St. Francis College">St. Francis College</a>, <a href="/wiki/Brooklyn_Heights" title="Brooklyn Heights">Brooklyn Heights</a></li></ul>
<p><b><a href="/wiki/Congregation_of_Christian_Brothers" title="Congregation of Christian Brothers">Congregation of Christian Brothers</a></b>
</p>
<ul><li><a href="/wiki/Iona_College_(New_York)" title="Iona College (New York)">Iona College</a>, <a href="/wiki/New_Rochelle,_New_York" title="New Rochelle, New York">New Rochelle</a></li></ul>
<p><b><a href="/wiki/De_La_Salle_Brothers" title="De La Salle Brothers">De La Salle Brothers</a></b>
</p>
<ul><li><a href="/wiki/Manhattan_College" title="Manhattan College">Manhattan College</a>, <a href="/wiki/The_Bronx" title="The Bronx">The Bronx</a></li></ul>
<p><b><a href="/wiki/Marist_Brothers" title="Marist Brothers">Marist Brothers</a></b>
</p>
<ul><li><a href="/wiki/Marist_College" title="Marist College">Marist College</a>, <a href="/wiki/Poughkeepsie_(town),_New_York" title="Poughkeepsie (town), New York">Poughkeepsie</a></li></ul>
<p><b><a href="/wiki/Congregation_of_the_Mission" title="Congregation of the Mission">Congregation of the Mission</a></b>
</p>
<ul><li><a href="/wiki/Niagara_University" title="Niagara University">Niagara University</a>, <a href="/wiki/Lewiston_(town),_New_York" title="Lewiston (town), New York">Lewiston</a></li>
<li><a href="/wiki/St._John%27s_University_(New_York_City)" title="St. John&#39;s University (New York City)">St. John's University</a></li>
<li><a href="/wiki/St._Joseph%27s_College_(New_York)" class="mw-redirect" title="St. Joseph&#39;s College (New York)">St. Joseph's College</a></li></ul>
<p><b><a href="/wiki/Sisters_of_Mercy" title="Sisters of Mercy">Sisters of Mercy</a></b>
</p>
<ul><li><a href="/wiki/Trocaire_College" title="Trocaire College">Trocaire College</a>, <a href="/wiki/Buffalo,_New_York" title="Buffalo, New York">Buffalo</a></li></ul>
<p><b>Catholic tradition (<a href="/wiki/Basilian_Fathers" class="mw-redirect" title="Basilian Fathers">Basilian Fathers</a>), but independent since 1968</b>
</p>
<ul><li><a href="/wiki/St._John_Fisher_College" title="St. John Fisher College">St. John Fisher College</a>, <a href="/wiki/Pittsford,_New_York" title="Pittsford, New York">Pittsford</a></li></ul>
</div>
<hr />
<h3><span class="mw-headline" id="Protestant"><a href="/wiki/Protestant" class="mw-redirect" title="Protestant">Protestant</a></span><span class="mw-editsection"><span class="mw-editsection-bracket">[</span><a href="/w/index.php?title=List_of_colleges_and_universities_in_New_York_(state)&amp;action=edit&amp;section=10" title="Edit section: Protestant">edit</a><span class="mw-editsection-bracket">]</span></span></h3>
<div class="div-col columns column-width" style="-moz-column-width: 30em; -webkit-column-width: 30em; column-width: 30em;">
<p><b><a href="/wiki/Bible_college" title="Bible college">Bible college</a> (<a href="/wiki/Evangelicalism" title="Evangelicalism">evangelical</a>)</b>
</p>
<ul><li><a href="/wiki/Davis_College_(New_York)" title="Davis College (New York)">Davis College</a>, <a href="/wiki/Johnson_City,_New_York" title="Johnson City, New York">Johnson City</a></li></ul>
<p><b><a href="/wiki/Episcopal_Church_(United_States)" title="Episcopal Church (United States)">Episcopal</a></b>
</p>
<ul><li><a href="/wiki/General_Theological_Seminary" title="General Theological Seminary">General Theological Seminary</a>, <a href="/wiki/Chelsea,_Manhattan" title="Chelsea, Manhattan">Chelsea, Manhattan</a></li></ul>
<p><b><a href="/wiki/Evangelicalism" title="Evangelicalism">Evangelical Christian</a></b>
</p>
<ul><li><a href="/wiki/The_King%27s_College_(New_York)" class="mw-redirect" title="The King&#39;s College (New York)">King's College</a>, <a href="/wiki/Financial_District,_Manhattan" title="Financial District, Manhattan">Financial District, Manhattan</a></li>
<li><a href="/wiki/Nyack_College" title="Nyack College">Nyack College</a>, <a href="/wiki/Nyack,_New_York" title="Nyack, New York">Nyack</a></li></ul>
<p><b><a href="/wiki/Wesleyan_Church" title="Wesleyan Church">Wesleyan</a></b>
</p>
<ul><li><a href="/wiki/Houghton_College" title="Houghton College">Houghton College</a>, <a href="/wiki/Houghton,_New_York" title="Houghton, New York">Houghton</a></li></ul>
<p><b><a href="/wiki/Methodism" title="Methodism">Methodist</a></b>
</p>
<ul><li><a href="/wiki/Roberts_Wesleyan_College" title="Roberts Wesleyan College">Roberts Wesleyan College</a>, <a href="/wiki/Chili,_New_York" title="Chili, New York">Chili</a>, near <a href="/wiki/Rochester,_New_York" title="Rochester, New York">Rochester</a></li></ul>
<p><b><a href="/wiki/Non-sectarian" class="mw-redirect" title="Non-sectarian">Non-sectarian</a>, but related to the <a href="/wiki/United_Methodist_Church" title="United Methodist Church">United Methodist Church</a></b>
</p>
<ul><li><a href="/wiki/Syracuse_University" title="Syracuse University">Syracuse University</a></li></ul>
<p><b><a href="/wiki/Non-denominational" title="Non-denominational">Non-denominational</a> <a href="/wiki/Progressive_Christianity" title="Progressive Christianity">progressive Christian</a></b>
</p>
<ul><li><a href="/wiki/Union_Theological_Seminary_(New_York_City)" title="Union Theological Seminary (New York City)">Union Theological Seminary</a>, <a href="/wiki/Morningside_Heights" class="mw-redirect" title="Morningside Heights">Morningside Heights</a> (<a href="/wiki/Columbia_University" title="Columbia University">Columbia University</a> area)</li>
<li><a href="/wiki/New_York_Theological_Seminary" title="New York Theological Seminary">New York Theological Seminary</a> at <a href="/wiki/The_Interchurch_Center" title="The Interchurch Center">The Interchurch Center</a> and <a href="/wiki/Union_Theological_Seminary_(New_York_City)" title="Union Theological Seminary (New York City)">Union Theological Seminary</a></li></ul>
<p><b><a href="/wiki/Lutheran_Church%E2%80%93Missouri_Synod" title="Lutheran ChurchMissouri Synod">Missouri Synod</a></b>
</p>
<ul><li><a href="/wiki/Concordia_College_(New_York)" title="Concordia College (New York)">Concordia College</a>, <a href="/wiki/Bronxville,_New_York" title="Bronxville, New York">Bronxville</a></li></ul>
<p><b><a href="/wiki/Evangelical_Lutheran_Church_in_America" title="Evangelical Lutheran Church in America">Lutheran</a></b>
</p>
<ul><li><a href="/wiki/Wagner_College" title="Wagner College">Wagner College</a>, <a href="/wiki/Staten_Island" title="Staten Island">Staten Island</a></li></ul>
</div>
<hr />
<h3><span class="mw-headline" id="Judaism"><a href="/wiki/Judaism" title="Judaism">Judaism</a></span><span class="mw-editsection"><span class="mw-editsection-bracket">[</span><a href="/w/index.php?title=List_of_colleges_and_universities_in_New_York_(state)&amp;action=edit&amp;section=11" title="Edit section: Judaism">edit</a><span class="mw-editsection-bracket">]</span></span></h3>
<div class="div-col columns column-width" style="-moz-column-width: 30em; -webkit-column-width: 30em; column-width: 30em;">
<p><b><a href="/wiki/Reform_Judaism" title="Reform Judaism">Reform Judaism</a></b>
</p>
<ul><li><a href="/wiki/Hebrew_Union_College-Jewish_Institute_of_Religion" title="Hebrew Union College-Jewish Institute of Religion">Hebrew Union College-Jewish Institute of Religion</a>, <a href="/wiki/Greenwich_Village" title="Greenwich Village">Greenwich Village</a></li></ul>
<ol><li><a href="/wiki/Hebrew_Union_College-Jewish_Institute_of_Religion#The_Debbie_Friedman_School_of_Sacred_Music" title="Hebrew Union College-Jewish Institute of Religion">The Debbie Friedman School of Sacred Music</a></li></ol>
<p><b><a href="/wiki/Conservative_Judaism" title="Conservative Judaism">Conservative Judaism</a></b>
</p>
<ul><li><a href="/wiki/Jewish_Theological_Seminary_of_America" title="Jewish Theological Seminary of America">Jewish Theological Seminary of America</a>, <a href="/wiki/Morningside_Heights" class="mw-redirect" title="Morningside Heights">Morningside Heights</a> (<a href="/wiki/Columbia_University" title="Columbia University">Columbia University</a> area)</li></ul>
<p><b><a href="/wiki/Orthodox_Judaism" title="Orthodox Judaism">Orthodox Judaism</a></b>
</p>
<ul><li><a href="/wiki/Touro_College" title="Touro College">Touro College</a></li></ul>
<ol><li><a href="/wiki/Manhattan" title="Manhattan">Manhattan</a> campus</li>
<li><a href="/wiki/Touro_Law_Center" title="Touro Law Center">Law Center</a>, <a href="/wiki/Central_Islip,_New_York" title="Central Islip, New York">Central Islip</a></li>
<li><a href="/wiki/Touro_College_of_Osteopathic_Medicine" title="Touro College of Osteopathic Medicine">College of Osteopathic Medicine</a>, <a href="/wiki/Harlem" title="Harlem">Harlem</a></li>
<li><a href="/wiki/Lander_College" title="Lander College">Lander College for Men</a>, <a href="/wiki/Kew_Gardens_Hills,_Queens" title="Kew Gardens Hills, Queens">Kew Gardens Hills, Queens</a></li>
<li><a href="/wiki/Lander_College" title="Lander College">Lander College for Women  The Anna Ruth and Mark Hasten School</a>, <a href="/wiki/Upper_East_Side" title="Upper East Side">Upper East Side</a></li>
<li><a href="/wiki/Lander_Institute" title="Lander Institute">Lander Institute</a>, <a href="/wiki/Jerusalem,_Israel" class="mw-redirect" title="Jerusalem, Israel">Jerusalem, Israel</a></li></ol>
<ul><li><a href="/wiki/Yeshiva_University" title="Yeshiva University">Yeshiva University</a></li></ul>
<ol><li><a href="/wiki/Stern_College_for_Women" title="Stern College for Women">Stern College for Women</a>, <a href="/wiki/Murray_Hill,_Manhattan" title="Murray Hill, Manhattan">Murray Hill, Manhattan</a></li>
<li><a href="/wiki/Yeshiva_College_(Yeshiva_University)" title="Yeshiva College (Yeshiva University)">Yeshiva College</a>, <a href="/wiki/Washington_Heights,_Manhattan" title="Washington Heights, Manhattan">Washington Heights, Manhattan</a></li>
<li><a href="/wiki/Sy_Syms_School_of_Business" class="mw-redirect" title="Sy Syms School of Business">Sy Syms School of Business</a>, <a href="/wiki/Washington_Heights,_Manhattan" title="Washington Heights, Manhattan">Washington Heights, Manhattan</a></li>
<li><a href="/wiki/Rabbi_Isaac_Elchanan_Theological_Seminary" title="Rabbi Isaac Elchanan Theological Seminary">Rabbi Isaac Elchanan Theological Seminary</a></li>
<li><a href="/wiki/Benjamin_N._Cardozo_School_of_Law" title="Benjamin N. Cardozo School of Law">Benjamin N. Cardozo School of Law</a></li></ol>
<ul><li><a href="/wiki/Montefiore_Medical_Center" title="Montefiore Medical Center">Montefiore Medical Center</a> and <a href="/wiki/Yeshiva_University" title="Yeshiva University">Yeshiva University</a></li></ul>
<div><ol start="6"><li><a href="/wiki/Albert_Einstein_College_of_Medicine" title="Albert Einstein College of Medicine">Albert Einstein College of Medicine</a>, <a href="/wiki/Morris_Park,_Bronx" title="Morris Park, Bronx">Morris Park, Bronx</a></li></ol></div>
</div>
